ID,CourseContentId,IdContent,QuestionType,QuestionContent,AAnsver,BAnswer,CAnswer,DAnswer,Answer,ResultAnswer
1,Module 1. Khai thác dữ liệu và thông tin,1,1,Dữ liệu thô là?,Yêu cầu người dân giảm mức tiêu thụ điện.,Khối lượng dữ liệu mang tính tổng hợp để suy luận,"Các sự kiện, con số, ký hiệu chưa được xử lý",Con người là nguồn gốc duy nhất của dữ liệu.,C,"Các sự kiện, con số, ký hiệu chưa được xử lý"
2,Module 1. Khai thác dữ liệu và thông tin,1,1,Ví dụ nào dưới đây là dữ liệu thô?,Bản ghi “Sinh viên A đạt 8.5 Toán”,"“25.000”, “áo thun”, “Hà Nội”",Đánh giá dựa trên tổng hợp điểm,Tài liệu: Báo cáo học tập năm,B,"“25.000”, “áo thun”, “Hà Nội”"
3,Module 1. Khai thác dữ liệu và thông tin,1,1,Thông tin là:,Tác giả phải là người nổi tiếng trên mạng xã hội,Ngồi sai tư thế khi làm việc với máy tính để bàn.,"Dữ liệu đã được xử lý, tổ chức và mang ý nghĩa",Những quan điểm cá nhân được thu thập từ mạng xã hội,C,"Dữ liệu đã được xử lý, tổ chức và mang ý nghĩa"
4,Module 1. Khai thác dữ liệu và thông tin,1,1,Ví dụ nào sau đây là tri thức?,Để mua các phần mềm và giấy phép bản quyền đắt tiền.,Phân tích xu hướng khách hàng và đề xuất hành động,Việc hoàn toàn từ bỏ công nghệ để bảo vệ sức khỏe.,Tranh luận triệt để nếu không cùng quan điểm với mình,B,Phân tích xu hướng khách hàng và đề xuất hành động
5,Module 1. Khai thác dữ liệu và thông tin,1,1,Sự khác biệt giữa thông tin và tri thức nằm ở:,"Do cáp mạng bị lỏng, cần cắm lại",Sau khi tác phẩm được công bố 1 năm,Mức độ xử lý và khả năng suy luận,Danh sách các công cụ sẽ sử dụng,C,Mức độ xử lý và khả năng suy luận
6,Module 1. Khai thác dữ liệu và thông tin,1,1,Dữ liệu có cấu trúc thường được lưu trữ trong:,Tối ưu hóa công cụ tìm kiếm (SEO).,Hệ thống cơ sở dữ liệu quan hệ,"Type, Rating, Artist, Size",Sao chép góp ý của người khác,B,Hệ thống cơ sở dữ liệu quan hệ
7,Module 1. Khai thác dữ liệu và thông tin,1,1,Dữ liệu phi cấu trúc là:,Lỗi màn hình hiển thị sai màu,Hướng dẫn lập trình Python cơ bản.,"Văn bản tự do, video, hình ảnh",Trang blog cá nhân ẩn danh,C,"Văn bản tự do, video, hình ảnh"
8,Module 1. Khai thác dữ liệu và thông tin,1,1,Ví dụ nào sau đây là dữ liệu bán cấu trúc?,"JSON, XML",Dấu sao (*),Bảo vệ web,ZingMP3,A,"JSON, XML"
9,Module 1. Khai thác dữ liệu và thông tin,1,1,Điểm yếu của dữ liệu phi cấu trúc là:,Chuyên gia phân tích dữ liệu.,"Rất khó truy xuất, phân tích",Đọc qua một nguồn duy nhất,Flickr (với bộ lọc giấy phép),B,"Rất khó truy xuất, phân tích"
10,Module 1. Khai thác dữ liệu và thông tin,1,1,Đặc điểm nào KHÔNG đúng với dữ liệu có cấu trúc?,Sử dụng phần mềm trình chiếu.,Linh hoạt cao khi thay đổi,Được lưu trữ dưới dạng bảng biểu,Mang tính đồng bộ nhất quán cao,B,Linh hoạt cao khi thay đổi
11,Module 1. Khai thác dữ liệu và thông tin,1,1,“Velocity” trong mô hình 4V nói về:,Tính phong phú của dữ liệu,Tốc độ sinh ra và xử lý dữ liệu,Chuyển giọng nói thành văn bản.,Năng lực đánh giá tri thức.,B,Tốc độ sinh ra và xử lý dữ liệu
12,Module 1. Khai thác dữ liệu và thông tin,1,1,Dữ liệu từ mạng xã hội thường là ví dụ cho yếu tố nào?,Veracity,Volume,Variety,Value,C,Variety
13,Module 1. Khai thác dữ liệu và thông tin,1,1,“Veracity” nghĩa là:,Dùng từ ngữ xúc phạm người khác,Thông tin được trình bày trung lập,Độ chính xác và tin cậy của dữ liệu,Giai đoạn truyền đạt kiến thức.,C,Độ chính xác và tin cậy của dữ liệu
14,Module 1. Khai thác dữ liệu và thông tin,1,1,Thách thức của “Volume” là gì?,Biểu đồ tròn (Pie Chart),Lỗi bàn phím không gõ được,Cần hệ thống lưu trữ mở rộng,Không thể chia sẻ dữ liệu,C,Cần hệ thống lưu trữ mở rộng
15,Module 1. Khai thác dữ liệu và thông tin,1,1,Một ví dụ của “Variety” là:,Chỉ đọc các bài không có trích dẫn,Vì Zalo là ứng dụng trả phí rất đắt,"Video, hình ảnh, văn bản, cảm biến",Cấu trúc phân cấp của tổ chức.,C,"Video, hình ảnh, văn bản, cảm biến"
16,Module 1. Khai thác dữ liệu và thông tin,1,1,Kỹ năng “Đọc lướt” còn được gọi là:,Scanning,Browsing,Skimming,Jumping,C,Skimming
17,Module 1. Khai thác dữ liệu và thông tin,1,1,"Khi đọc lướt, bạn nên đọc những phần nào?","Câu đầu đoạn, tiêu đề, đoạn mở đầu và kết",An sinh số quan trọng hơn Sức khỏe số.,"Dữ liệu sinh trắc học như vân tay, khuôn mặt.",Sử dụng quá nhiều tài nguyên hệ thống.,A,"Câu đầu đoạn, tiêu đề, đoạn mở đầu và kết"
18,Module 1. Khai thác dữ liệu và thông tin,1,1,Chiến lược duyệt trang web hiệu quả KHÔNG bao gồm:,Public Domain (Miền công cộng),Mở tất cả liên kết cùng lúc,Để tải văn bản về máy nhanh hơn,Quan sát cấu trúc trang,B,Mở tất cả liên kết cùng lúc
19,Module 1. Khai thác dữ liệu và thông tin,1,1,Nguồn nào đáng tin cậy hơn?,Blog không rõ tác giả,Trang .com quảng cáo,Tên miền .edu hoặc .gov,Trang mạng xã hội cá nhân,C,Tên miền .edu hoặc .gov
20,Module 1. Khai thác dữ liệu và thông tin,1,1,Một cách đánh giá nhanh độ tin cậy của trang là:,Làm hỏng phần cứng của thiết bị.,Giúp nội dung được nhiều người xem hơn.,"Có thông tin tác giả, ngày cập nhật",Sự phổ biến của thiết bị di động.,C,"Có thông tin tác giả, ngày cập nhật"
21,Module 1. Khai thác dữ liệu và thông tin,1,1,Toán tử “-” dùng để:,Tìm cụm từ chính xác,Loại trừ từ khóa,Thêm từ khóa,Tìm định nghĩa,B,Loại trừ từ khóa
22,Module 1. Khai thác dữ liệu và thông tin,1,1,"Dấu ngoặc kép """" trong tìm kiếm dùng để:",Loại trừ kết quả,Mở rộng phạm vi tìm,Tìm cụm từ chính xác,Đăng tải lên mạng xã hội,C,Tìm cụm từ chính xác
23,Module 1. Khai thác dữ liệu và thông tin,1,1,"Để tìm bài viết về AI trên vnexpress.net, bạn dùng cú pháp:",AI inurl:vnexpress,AI site:vnexpress.net,AI filetype:vnexpress,AI intitle:vnexpress,B,AI site:vnexpress.net
24,Module 1. Khai thác dữ liệu và thông tin,1,1,Google Scholar được dùng để:,Tìm kiếm tài khoản Gmail,Tìm thông tin thời tiết,Tìm tài liệu học thuật,Tra cứu hình ảnh,C,Tìm tài liệu học thuật
25,Module 1. Khai thác dữ liệu và thông tin,1,1,Toán tử “OR” dùng để:,Phát triển nội dung số.,Tìm một trong các từ khóa,Quan sát lại quy trình,Tìm cụm từ trong tiêu đề,B,Tìm một trong các từ khóa
26,Module 1. Khai thác dữ liệu và thông tin,1,1,Long-tail keyword là:,Từ khóa dài và cụ thể,Từ khóa lặp lại,Ghi âm cuộc họp bí mật,Từ khóa phổ biến,A,Từ khóa dài và cụ thể
27,Module 1. Khai thác dữ liệu và thông tin,1,1,"Để tìm bài PDF, bạn dùng toán tử nào?",filetype:pdf,ext:.pdf,docfile:pdf,findtype:pdf,A,filetype:pdf
28,Module 1. Khai thác dữ liệu và thông tin,1,1,Ví dụ nào là từ khóa rõ ràng và cụ thể?,Người đọc nghi ngờ mọi thông tin,Công nghệ blockchain trong logistics,Sinh viên hiểu rõ luật bản quyền,Giao tiếp bằng lời nói trực tiếp,B,Công nghệ blockchain trong logistics
29,Module 1. Khai thác dữ liệu và thông tin,1,1,Bộ lọc theo thời gian dùng để:,Tìm thông tin trong 1 khu vực,Vì nó không yêu cầu mật khẩu,"Giới hạn kết quả theo năm, tháng",Đăng ngay một câu hỏi của mình,C,"Giới hạn kết quả theo năm, tháng"
30,Module 1. Khai thác dữ liệu và thông tin,1,1,Kết hợp nhiều điều kiện lọc trong tìm kiếm bằng:,TO,SUM,AND,LIST,C,AND
31,Module 1. Khai thác dữ liệu và thông tin,1,2,Kỹ thuật lọc được sử dụng nhiều trong:,Thương mại điện tử.,Lỗi Thời gian chạy,"Excel, SQL, Pandas",Tạo bản trình chiếu,C,"Excel, SQL, Pandas"
32,Module 1. Khai thác dữ liệu và thông tin,1,2,Lọc dữ liệu theo điều kiện thường dùng toán tử:,+,=,"AND, OR",IN,C,"AND, OR"
33,Module 1. Khai thác dữ liệu và thông tin,1,2,"Filetype:pdf ""AI applications"" giúp bạn:",Để bán thanh lý hàng tồn kho,Dữ liệu bị mất do hỏng ổ cứng.,Tìm file PDF liên quan đến AI,Chỉ những trang web đã truy cập,C,Tìm file PDF liên quan đến AI
34,Module 1. Khai thác dữ liệu và thông tin,1,2,Lọc theo thời gian thường áp dụng trong:,Dùng Google Drive để lưu slide,Lọc dữ liệu theo ngày/tháng,Các sản phẩm phần mềm miễn phí,Năng lực lập trình căn bản.,B,Lọc dữ liệu theo ngày/tháng
35,Module 1. Khai thác dữ liệu và thông tin,1,2,Web scraping là kỹ thuật:,"HTML, CSS, JavaScript.",Truy xuất dữ liệu tự động,Theo dõi nguồn gốc sản phẩm.,Chỉ màu sắc của biểu đồ,B,Truy xuất dữ liệu tự động
36,Module 1. Khai thác dữ liệu và thông tin,1,2,Công cụ nào sau đây KHÔNG dùng để web scraping?,YouTube,Selenium,Canva,Scrapy,C,Canva
37,Module 1. Khai thác dữ liệu và thông tin,1,2,Google Dataset Search giúp:,Sáng tạo nội dung số.,Tìm tập dữ liệu công khai,Làm cho ảnh rõ nét hơn,Các quy tắc về an ninh mạng,B,Tìm tập dữ liệu công khai
38,Module 1. Khai thác dữ liệu và thông tin,1,2,Pandas là thư viện dùng trong ngôn ngữ nào?,C++,Java,Python,PHP,C,Python
39,Module 1. Khai thác dữ liệu và thông tin,1,2,Một ứng dụng của Pandas là:,Tất cả mọi người trong công ty,Càng phức tạp về mặt kỹ thuật.,Phân tích và xử lý dữ liệu,Blog cá nhân không rõ tác giả,C,Phân tích và xử lý dữ liệu
40,Module 1. Khai thác dữ liệu và thông tin,1,2,Định dạng dữ liệu nào phổ biến trong Google Dataset Search?,PSD,DOCX,CSV,MP3,C,CSV
41,Module 1. Khai thác dữ liệu và thông tin,1,2,Thông tin số là gì theo Luật Công nghệ thông tin 2006?,Cách thức lưu trữ cũng như định dạng văn bản hiển thị,Thông tin được tạo lập bằng phương pháp tín hiệu số,"Một kho tài nguyên hoàn toàn miễn phí, không điều kiện.",Gây ra ô nhiễm nguồn nước do sử dụng nhiều hóa chất.,B,Thông tin được tạo lập bằng phương pháp tín hiệu số
42,Module 1. Khai thác dữ liệu và thông tin,1,2,Ví dụ nào sau đây KHÔNG phải là thông tin số?,Sách giấy truyền thống,File PDF thống kê dân số,Ứng dụng điện thoại,Video lưu trữ trên YouTube,A,Sách giấy truyền thống
43,Module 1. Khai thác dữ liệu và thông tin,1,2,Thông tin sai lệch (misinformation) là gì?,Không can thiệp vào các cuộc trò chuyện song song,Cung cấp các bộ lọc không khí và nước hiệu quả hơn.,Thông tin sai nhưng được chia sẻ không có chủ đích,Chơi game trên điện thoại trong nhiều giờ liên tục.,C,Thông tin sai nhưng được chia sẻ không có chủ đích
44,Module 1. Khai thác dữ liệu và thông tin,1,2,Thông tin xuyên tạc (disinformation) có đặc điểm nào?,Được chia sẻ do thiếu kiến thức,Dữ liệu bảng tính duy nhất,"Có mục đích lừa dối, gây hại",Không có tác hại đến xã hội,C,"Có mục đích lừa dối, gây hại"
45,Module 1. Khai thác dữ liệu và thông tin,1,2,Tin giả (Fake News) thường có hình thức nào?,Báo cáo học thuật,"Clickbait, tin đồn",Thư tín chính thức,Video hướng dẫn học tập,B,"Clickbait, tin đồn"
46,Module 1. Khai thác dữ liệu và thông tin,1,2,Bias trong thông tin có nghĩa là gì?,Giai đoạn tạo lập.,Cảm biến mặt đất.,Thông tin có thiên vị,Thông tin bị ẩn danh,C,Thông tin có thiên vị
47,Module 1. Khai thác dữ liệu và thông tin,1,2,Ví dụ về Confirmation Bias là gì?,"Simple, Memorable, Attractive, Readable, Timely.",Chỉ kết bạn với những người có cùng quan điểm với mình.,Chỉ tin và chia sẻ thông tin phù hợp niềm tin sẵn có,Ẩn danh tính của người gửi để bảo vệ quyền riêng tư.,C,Chỉ tin và chia sẻ thông tin phù hợp niềm tin sẵn có
48,Module 1. Khai thác dữ liệu và thông tin,1,2,Thông tin thật (Information Accuracy) nên có yếu tố nào?,Một kênh chat riêng tư giữa trưởng nhóm và sếp,"Được xác minh, kiểm chứng, từ nguồn chính thống",Chỉ sử dụng hình ảnh có chứa watermark (logo),Các bình luận tương tác của người dùng trên YouTube,B,"Được xác minh, kiểm chứng, từ nguồn chính thống"
49,Module 1. Khai thác dữ liệu và thông tin,1,2,Mô hình CRAAP KHÔNG bao gồm yếu tố nào sau đây?,Relevance,Accuracy,Popularity,Purpose,C,Popularity
50,Module 1. Khai thác dữ liệu và thông tin,1,2,Authority trong CRAAP dùng để đánh giá gì?,Mức độ chia sẻ trên mạng,Địa chỉ email người dùng,Thẩm quyền của nguồn tin,Quản lý dự án nội dung,C,Thẩm quyền của nguồn tin
51,Module 1. Khai thác dữ liệu và thông tin,1,2,CRAAP: Currency đề cập đến yếu tố gì?,Được khuyến khích sử dụng vì nó thú vị,Ngày xuất bản hoặc cập nhật của thông tin,Không được thay đổi hay chỉnh sửa tác phẩm,Tính năng xác thực bằng vân tay (Touch ID).,B,Ngày xuất bản hoặc cập nhật của thông tin
52,Module 1. Khai thác dữ liệu và thông tin,1,2,"Trong mô hình RADCAB, chữ D viết tắt cho yếu tố nào?",Định hướng,Detail,Data,Delay,B,Detail
53,Module 1. Khai thác dữ liệu và thông tin,1,2,Mô hình IMVAIN dùng nhiều trong lĩnh vực nào?,Hồ sơ thanh toán viện phí.,Công nghệ sinh học,Báo chí và truyền thông,Kỹ thuật phần mềm,C,Báo chí và truyền thông
54,Module 1. Khai thác dữ liệu và thông tin,1,2,"Trong IMVAIN, Verified có nghĩa là gì?","Tham gia một khóa ""digital detox"".",Được xác minh bằng bằng chứng cụ thể,Vận hành hệ thống điện toán đám mây.,Thông tin định vị GPS và địa chỉ IP.,B,Được xác minh bằng bằng chứng cụ thể
55,Module 1. Khai thác dữ liệu và thông tin,1,2,"Trong mô hình DRAMA, yếu tố nào thay thế cho yếu tố “Purpose” trong mô hình CRAAP.",Motivation,Accuracy,Authority,Date,A,Motivation
56,Module 1. Khai thác dữ liệu và thông tin,1,2,"Trong mô hình DRAMA, Motivation tập trung vào:",Chỉ tìm định dạng .docx,Động cơ của người viết,Ngôn ngữ cảm xúc,Địa điểm công bố thông tin,B,Động cơ của người viết
57,Module 1. Khai thác dữ liệu và thông tin,1,2,Bước đầu tiên trong SIFT là gì?,2-4 giờ,Excel,Stop,Trace,C,Stop
58,Module 1. Khai thác dữ liệu và thông tin,1,2,Lateral Reading là gì?,Im lặng và hy vọng xung đột tự biến mất,Không thể sắp xếp dữ liệu dạng số,Đọc ngang – tra cứu thêm nguồn khác,Hạn chế sự sáng tạo và trao đổi ý tưởng,C,Đọc ngang – tra cứu thêm nguồn khác
59,Module 1. Khai thác dữ liệu và thông tin,1,2,"Trong SIFT, “Find Better Coverage” nhắm đến việc gì?",Tranh luận dựa trên cảm xúc,Tìm nguồn khác đáng tin cậy hơn,Công nghệ thực tế ảo tăng cường.,Làm cho nội dung nổi bật hơn,B,Tìm nguồn khác đáng tin cậy hơn
60,Module 1. Khai thác dữ liệu và thông tin,1,2,Công cụ nào sau đây KHÔNG nằm trong SIFT?,Stop,Investigate,Analyze,Trace,C,Analyze
61,Module 1. Khai thác dữ liệu và thông tin,1,3,Phân tích dữ liệu là gì?,Khóa riêng tư (private key) của người gửi.,Biến dữ liệu thành thông tin có giá trị,Tăng tốc độ truyền tải dữ liệu qua mạng.,Chọn nền tảng học trực tuyến đắt tiền nhất,B,Biến dữ liệu thành thông tin có giá trị
62,Module 1. Khai thác dữ liệu và thông tin,1,3,Phân tích mô tả trả lời câu hỏi gì?,Tại sao điều đó xảy ra?,Điều gì có thể xảy ra?,Điều gì đã xảy ra?,Làm gì tiếp theo?,C,Điều gì đã xảy ra?
63,Module 1. Khai thác dữ liệu và thông tin,1,3,Phân tích chẩn đoán giúp xác định:,Ai là người viết bài,Nguyên nhân hiện tượng,Tần suất xuất hiện,Chuỗi khối (Blockchain).,B,Nguyên nhân hiện tượng
64,Module 1. Khai thác dữ liệu và thông tin,1,3,Công cụ nào sau đây KHÔNG phải công cụ làm sạch dữ liệu?,Pandas,Excel,PowerPoint,OpenRefine,C,PowerPoint
65,Module 1. Khai thác dữ liệu và thông tin,1,3,Phương pháp nào dùng để loại bỏ giá trị ngoại lai (outlier)?,"IQR, Z-score",Google search,AI chatbot,Filter mặc định,A,"IQR, Z-score"
66,Module 1. Khai thác dữ liệu và thông tin,1,3,Tra cứu mạng là kỹ năng gì?,Không có trích dẫn hay dữ liệu minh chứng,Tìm kiếm và đánh giá thông tin trên Internet,Loại bỏ những phần không cần thiết của nội dung.,Hạn chế số lượng xe cá nhân được phép lưu thông.,B,Tìm kiếm và đánh giá thông tin trên Internet
67,Module 1. Khai thác dữ liệu và thông tin,1,3,Tìm kiếm ngược hình ảnh dùng để:,Tăng tốc độ tải ảnh,Biến ảnh thành văn bản,Xác minh nguồn gốc ảnh,Làm cho ảnh rõ nét hơn,C,Xác minh nguồn gốc ảnh
68,Module 1. Khai thác dữ liệu và thông tin,1,3,Công cụ Google Fact Check Explorer giúp:,Hỏi một người khác giải thích hộ,Tổng hợp thông tin từ nhiều nguồn.,Tìm các bài kiểm chứng thông tin,Tác phẩm thuộc sở hữu của chính phủ.,C,Tìm các bài kiểm chứng thông tin
69,Module 1. Khai thác dữ liệu và thông tin,1,3,Dấu hiệu nhận biết tin giả là gì?,Sự tốn kém và phức tạp của việc tạo nội dung,Không có vấn đề gì nếu bạn ghi nguồn.,"Tiêu đề giật gân, không có nguồn rõ ràng",Tránh tuyệt đối trong mọi ngữ cảnh công việc,C,"Tiêu đề giật gân, không có nguồn rõ ràng"
70,Module 1. Khai thác dữ liệu và thông tin,1,3,Kiểm tra chéo thông tin có ý nghĩa gì?,Nội dung mới được sản xuất trong vòng 24 giờ,Đối chiếu với nhiều nguồn để tăng độ chính xác,"Sử dụng liên kết chia sẻ với quyền ""Chỉ xem""",Cung cấp dịch vụ truyền hình trả phí qua Internet.,B,Đối chiếu với nhiều nguồn để tăng độ chính xác
71,Module 1. Khai thác dữ liệu và thông tin,1,3,AI có thể giúp gì trong kiểm tra thông tin?,Tăng tốc độ xác minh,Nộp học phí trực tuyến,Thay đổi ý kiến,Giấu nguồn gốc,A,Tăng tốc độ xác minh
72,Module 1. Khai thác dữ liệu và thông tin,1,3,Công cụ Copyleaks dùng để:,Các tiêu chuẩn đạo đức trong sử dụng AI.,Kiểm tra văn bản có phải do AI viết không,Tắt tất cả thông báo đẩy trên điện thoại.,Sai sót trong mã lập trình hoặc cài đặt,B,Kiểm tra văn bản có phải do AI viết không
73,Module 1. Khai thác dữ liệu và thông tin,1,3,Công cụ giúp kiểm tra deepfake video là gì?,InVID,Excel,Grammarly,Notion,A,InVID
74,Module 1. Khai thác dữ liệu và thông tin,1,3,NLP trong AI là viết tắt của gì?,Natural Learning Protocol,National Level Prediction,Natural Language Processing,New Language Provider,C,Natural Language Processing
75,Module 1. Khai thác dữ liệu và thông tin,1,3,Một nhược điểm của AI là gì?,Tạo bản trình chiếu,Không phân tích được,Tốn chi phí triển khai,Không cần dữ liệu,C,Tốn chi phí triển khai
76,Module 1. Khai thác dữ liệu và thông tin,1,3,Công cụ nào giúp xác minh hình ảnh?,Canva,TinEye,Google Docs,Notepad,B,TinEye
77,Module 1. Khai thác dữ liệu và thông tin,1,3,Hoaxy dùng để làm gì?,Thiết kế hình ảnh và đồ họa,Theo dõi lan truyền thông tin,Phải trả tiền cho mỗi lần sử dụng,Làm giảm hiệu quả của các tác vụ,B,Theo dõi lan truyền thông tin
78,Module 1. Khai thác dữ liệu và thông tin,1,3,Mô hình BERT do tổ chức nào phát triển?,Apple,Microsoft,OpenAI,Google,D,Google
79,Module 1. Khai thác dữ liệu và thông tin,1,3,Wolfram Alpha giúp gì trong kiểm tra thông tin?,Dừng chương trình khi có lỗi xảy ra.,Tìm số liệu chính xác từ nguồn cấu trúc,Chia sẻ với bạn bè để xin lời khuyên,"Tìm kiếm, Phân tích, Tổng hợp và Báo cáo.",B,Tìm số liệu chính xác từ nguồn cấu trúc
80,Module 1. Khai thác dữ liệu và thông tin,1,3,FactCheck.org là tổ chức chuyên:,Thiết kế đồ họa,Lập trình phần mềm,Kiểm chứng sự thật,Quảng bá thương hiệu,C,Kiểm chứng sự thật
81,Module 1. Khai thác dữ liệu và thông tin,1,3,Dữ liệu số là gì?,Không yêu cầu người dùng phải nhớ mật khẩu để giải mã.,"Dữ liệu có thể lưu trữ, xử lý và truyền tải bằng máy tính",Kẻ tấn công sử dụng một chìa khóa đa năng để bẻ khóa mã.,Làm cho quy trình trở nên phức tạp và tốn thời gian hơn.,B,"Dữ liệu có thể lưu trữ, xử lý và truyền tải bằng máy tính"
82,Module 1. Khai thác dữ liệu và thông tin,1,3,Thông tin số có thể biểu diễn dưới dạng:,Thay đổi thứ tự các dòng theo giá trị tăng dần hoặc giảm dần,Để xây dựng các tòa nhà có khả năng chống chịu thiên tai.,"Nhiều dạng khác nhau như văn bản, âm thanh, hình ảnh, video",Chi phí quảng cáo và tiếp thị sản phẩm trên toàn thế giới.,C,"Nhiều dạng khác nhau như văn bản, âm thanh, hình ảnh, video"
83,Module 1. Khai thác dữ liệu và thông tin,1,3,"Trong môi trường số, kỹ năng thông tin số KHÔNG bao gồm:",Giảm sự hiểu biết,Khả năng nấu ăn,Google Drive.,Gửi email tự động,B,Khả năng nấu ăn
84,Module 1. Khai thác dữ liệu và thông tin,1,3,Yếu tố nào sau đây thể hiện thông tin số chất lượng?,Sử dụng cùng một mật khẩu mạnh cho nhiều tài khoản.,"Cập nhật mới nhất, chính xác, có nguồn gốc rõ ràng","Short, Meaningful, Actionable, Relatable, Teachable.",Chỉ khi được sử dụng trong các tác phẩm thương mại,B,"Cập nhật mới nhất, chính xác, có nguồn gốc rõ ràng"
85,Module 1. Khai thác dữ liệu và thông tin,1,3,Một ví dụ về nguồn dữ liệu mở là:,MemTest86,Wikipedia,Điềm tĩnh.,Thiết kế,B,Wikipedia
86,Module 1. Khai thác dữ liệu và thông tin,1,3,Mô hình CRAAP gồm mấy yếu tố chính?,2,3,5,6,C,5
87,Module 1. Khai thác dữ liệu và thông tin,1,3,CRAAP: “Accuracy” dùng để đánh giá:,Tính đầy đủ của nội dung,Tính chính xác của thông tin,Tác giả có nổi tiếng không,Hình thức trình bày bài viết,B,Tính chính xác của thông tin
88,Module 1. Khai thác dữ liệu và thông tin,1,3,CRAAP: “Authority” tập trung vào:,"Người viết có thẩm quyền, chuyên môn không",Đánh giá tính chính xác của dữ liệu lớn.,Thông qua việc chia sẻ dữ liệu cộng tác.,Việc lưu trữ sản phẩm trong các nhà kho lớn.,A,"Người viết có thẩm quyền, chuyên môn không"
89,Module 1. Khai thác dữ liệu và thông tin,1,3,CRAAP: “Purpose” là gì?,Mục tiêu và động cơ của nội dung thông tin,Kiểm chứng nguồn tin trước khi chia sẻ,Sử dụng quá nhiều tài nguyên hệ thống.,"Không, nếu blog đó không ghi rõ ""bản quyền"".",A,Mục tiêu và động cơ của nội dung thông tin
90,Module 1. Khai thác dữ liệu và thông tin,1,3,CRAAP: “Currency” dùng để kiểm tra:,Thời điểm tạo hoặc cập nhật thông tin,Nội dung cần được cập nhật thường xuyên.,"Chia sẻ, Thích, Bình luận và Theo dõi.",Kiểm soát dấu chân số và an sinh số.,A,Thời điểm tạo hoặc cập nhật thông tin
91,Module 1. Khai thác dữ liệu và thông tin,1,4,SIFT là viết tắt của mô hình nào?,Source – Investigate – Fake – Truth,Stop – Investigate – Find – Trace,Study – Integrate – Filter – Track,Scan – Identify – Follow – Test,B,Stop – Investigate – Find – Trace
92,Module 1. Khai thác dữ liệu và thông tin,1,4,“Stop” trong SIFT có nghĩa là:,Giá thành của các thiết bị mới ngày càng rẻ.,Tạm dừng để cân nhắc trước khi chia sẻ thông tin,"Quá trình ""sao chép"" nội dung từ nguồn khác.",Công khai nhắc họ trong nhóm chat để gây áp lực,B,Tạm dừng để cân nhắc trước khi chia sẻ thông tin
93,Module 1. Khai thác dữ liệu và thông tin,1,4,“Investigate the source” nghĩa là:,Tra cứu nguồn tin gốc để xác minh,Lỗi phần mềm và vi phạm bảo mật,Tất cả mọi người trong công ty,Báo cáo họ với quản trị viên hệ thống,A,Tra cứu nguồn tin gốc để xác minh
94,Module 1. Khai thác dữ liệu và thông tin,1,4,"“Trace claims, quotes and media” nghĩa là:",Tìm nguồn gốc của thông tin hoặc phương tiện,Chờ đợi xem tình hình có trở nên tốt hơn không.,Nhóm sử dụng duy nhất một công cụ để giao tiếp,Tự động hóa hoàn toàn việc thu hoạch mùa màng.,A,Tìm nguồn gốc của thông tin hoặc phương tiện
95,Module 1. Khai thác dữ liệu và thông tin,1,4,Công cụ Google Reverse Image Search dùng để:,Bỏ qua và chặn người gửi.,Tìm kiếm ngược hình ảnh,Biến ảnh thành văn bản,Tăng độ phân giải,B,Tìm kiếm ngược hình ảnh
96,Module 1. Khai thác dữ liệu và thông tin,1,4,RADCAB là công cụ gì?,Biết cách viết kịch bản video hấp dẫn.,Đánh giá chất lượng thông tin trên mạng,Chỉ thực hiện các giao dịch nhạy cảm ở nhà.,Sự chậm trễ trong việc cập nhật bảo mật.,B,Đánh giá chất lượng thông tin trên mạng
97,Module 1. Khai thác dữ liệu và thông tin,1,4,RADCAB gồm bao nhiêu yếu tố?,5,6,7,8,B,6
98,Module 1. Khai thác dữ liệu và thông tin,1,4,Yếu tố “Detail” trong RADCAB liên quan đến:,Video trên các kênh giải trí,Mức độ chi tiết trong nội dung,"Video quảng cáo, phim ngắn","Do router quá nóng, cần tắt đi",B,Mức độ chi tiết trong nội dung
99,Module 1. Khai thác dữ liệu và thông tin,1,4,DRAMA là mô hình cải tiến từ:,CRAAP,SIFT,SWOT,PEST,A,CRAAP
100,Module 1. Khai thác dữ liệu và thông tin,1,4,“Motivation” trong DRAMA đánh giá:,Ý định đằng sau nội dung,Tài chính và đầu tư.,Hồ sơ thanh toán viện phí.,Biến ảnh thành văn bản,A,Ý định đằng sau nội dung
101,Module 1. Khai thác dữ liệu và thông tin,1,4,AI có thể giúp xác minh thông tin như thế nào?,Phân tích ngữ nghĩa.,Kiểm tra sự thật tự động,Có quá nhiều công cụ chia sẻ,Computational Thinking.,B,Kiểm tra sự thật tự động
102,Module 1. Khai thác dữ liệu và thông tin,1,4,Công cụ giúp kiểm tra văn bản AI viết là:,Copyleaks,Paint,Zalo,YouTube,A,Copyleaks
103,Module 1. Khai thác dữ liệu và thông tin,1,4,Deepfake là gì?,Mã lỗi phần mềm,Video giả mạo bằng AI,Ứng dụng học ngôn ngữ,Bài báo khoa học,B,Video giả mạo bằng AI
104,Module 1. Khai thác dữ liệu và thông tin,1,4,Công cụ InVID dùng để:,Kiểm tra nguồn video,Làm video ca nhạc,Tìm cụm từ trong tiêu đề,AI intitle:vnexpress,A,Kiểm tra nguồn video
105,Module 1. Khai thác dữ liệu và thông tin,1,4,TinEye giúp xác minh:,Văn bản,Video,Hình ảnh,Âm thanh,C,Hình ảnh
106,Module 1. Khai thác dữ liệu và thông tin,1,4,Tin giả thường có đặc điểm:,Có nguồn gốc rõ ràng,"Giật gân, không có căn cứ",Biểu đồ cột (Column Chart),Được xuất bản bởi chính phủ,B,"Giật gân, không có căn cứ"
107,Module 1. Khai thác dữ liệu và thông tin,1,4,Misinformation là gì?,Chuyên gia phân tích dữ liệu.,Thông tin sai nhưng không cố ý,Để ẩn đi các dữ liệu quan trọng,Thêm nhiều hiệu ứng đặc biệt,B,Thông tin sai nhưng không cố ý
108,Module 1. Khai thác dữ liệu và thông tin,1,4,Disinformation là gì?,Thông tin thiếu chính xác do lỗi đánh máy,Thông tin sai được chia sẻ có chủ đích,Gửi nhầm dữ liệu cho người dùng khác.,Một loại lỗi thường gặp trong lập trình.,B,Thông tin sai được chia sẻ có chủ đích
109,Module 1. Khai thác dữ liệu và thông tin,1,4,Bias trong thông tin là:,Hoàn toàn loại bỏ công nghệ ra khỏi cuộc sống.,Thiên kiến hoặc lệch lạc trong đánh giá thông tin,Chỉ vi phạm nếu dùng cho mục đích thương mại.,Không thực sự tồn tại trong các hệ thống dữ liệu,B,Thiên kiến hoặc lệch lạc trong đánh giá thông tin
110,Module 1. Khai thác dữ liệu và thông tin,1,4,Confirmation Bias là hiện tượng:,"Định dạng là Percentage, cần chuyển về Text",Chỉ tin thông tin củng cố niềm tin có sẵn,Gõ bàn phím máy tính quá nhiều gây mỏi cơ cổ.,Nhấn vào các liên kết không rõ nguồn gốc,B,Chỉ tin thông tin củng cố niềm tin có sẵn
111,Module 1. Khai thác dữ liệu và thông tin,1,4,Lateral Reading là gì?,Tối ưu hóa công cụ tìm kiếm (SEO).,Đọc các nguồn khác nhau để xác minh,"Quét, Nhận dạng, Lọc và Tin tưởng.",Làm giảm giá trị thẩm mỹ của cảnh quan.,B,Đọc các nguồn khác nhau để xác minh
112,Module 1. Khai thác dữ liệu và thông tin,1,4,Công cụ nào giúp kiểm chứng tin lan truyền trên mạng?,Hoaxy,Excel,TikTok,Word,A,Hoaxy
113,Module 1. Khai thác dữ liệu và thông tin,1,4,FactCheck.org là:,Người đánh giá chính xác nhất.,Tổ chức kiểm chứng thông tin,Tốc độ phản hồi nhanh chóng,Viết lại hoàn toàn thông tin đó,B,Tổ chức kiểm chứng thông tin
114,Module 1. Khai thác dữ liệu và thông tin,1,4,Snopes.com giúp:,Làm giảm hiệu quả của các tác vụ,Báo cáo từ người dân địa phương.,Kiểm tra độ xác thực của tin tức,Chi phí và thời gian sản xuất,C,Kiểm tra độ xác thực của tin tức
115,Module 1. Khai thác dữ liệu và thông tin,1,4,Công cụ kiểm tra AI-generated text:,ChatGPT,GPTZero,Notepad,Zoom,B,GPTZero
116,Module 1. Khai thác dữ liệu và thông tin,1,4,Tại sao cần đánh giá thông tin số?,Ngồi sai tư thế khi làm việc với máy tính để bàn.,"Để đảm bảo tiếp cận thông tin đúng, chính xác",Gây ô nhiễm tiếng ồn từ các trung tâm dữ liệu.,Làm cho nội dung trở nên độc đáo và khác biệt.,B,"Để đảm bảo tiếp cận thông tin đúng, chính xác"
117,Module 1. Khai thác dữ liệu và thông tin,1,4,Một lợi ích của thông tin chính xác là gì?,Hy vọng họ không đọc được,Thúc đẩy kinh tế tuần hoàn.,Hỗ trợ ra quyết định hiệu quả,Trả lời tin nhắn ngay lập tức.,C,Hỗ trợ ra quyết định hiệu quả
118,Module 1. Khai thác dữ liệu và thông tin,1,4,Công cụ nào dưới đây KHÔNG dùng để xác minh thông tin?,Google Maps.,Wikipedia,Zalo Chat,TinEye,C,Zalo Chat
119,Module 1. Khai thác dữ liệu và thông tin,1,4,Công cụ nào hỗ trợ phân tích dữ liệu số?,Excel,TikTok,ZingMP3,Paint,A,Excel
120,Module 1. Khai thác dữ liệu và thông tin,1,4,Nguồn thông tin đáng tin cậy là:,"Trang chính phủ, viện nghiên cứu, báo chí uy tín",Khả năng tương tác với các ứng dụng di động.,Nói thật nhanh để truyền tải nhiều thông tin,Báo cáo tài khoản của người có ý kiến trái chiều,A,"Trang chính phủ, viện nghiên cứu, báo chí uy tín"
